year,production_tonnes,stock_lower,stock_upper,stock_wgc_implied,source
1492,NA,1009,1275,16985.3,castaneda_2013
1493,5.8,1014.8,1280.8,16991.1,castaneda_2013
1494,5.8,1020.6,1286.6,16996.9,castaneda_2013
1495,5.8,1026.4,1292.4,17002.7,castaneda_2013
1496,5.8,1032.2,1298.2,17008.5,castaneda_2013
1497,5.8,1038,1304,17014.3,castaneda_2013
1498,5.8,1043.8,1309.8,17020.1,castaneda_2013
1499,5.8,1049.6,1315.6,17025.9,castaneda_2013
1500,5.8,1055.4,1321.4,17031.7,castaneda_2013
1501,5.8,1061.2,1327.2,17037.5,castaneda_2013
1502,5.8,1067,1333,17043.3,castaneda_2013
1503,5.8,1072.8,1338.8,17049.1,castaneda_2013
1504,5.8,1078.6,1344.6,17054.9,castaneda_2013
1505,5.8,1084.4,1350.4,17060.7,castaneda_2013
1506,5.8,1090.2,1356.2,17066.5,castaneda_2013
1507,5.8,1096,1362,17072.3,castaneda_2013
1508,5.8,1101.8,1367.8,17078.1,castaneda_2013
1509,5.8,1107.6,1373.6,17083.9,castaneda_2013
1510,5.8,1113.4,1379.4,17089.7,castaneda_2013
1511,5.8,1119.2,1385.2,17095.5,castaneda_2013
1512,5.8,1125,1391,17101.3,castaneda_2013
1513,5.8,1130.8,1396.8,17107.1,castaneda_2013
1514,5.8,1136.6,1402.6,17112.9,castaneda_2013
1515,5.8,1142.4,1408.4,17118.7,castaneda_2013
1516,5.8,1148.2,1414.2,17124.5,castaneda_2013
1517,5.8,1154,1420,17130.3,castaneda_2013
1518,5.8,1159.8,1425.8,17136.1,castaneda_2013
1519,5.8,1165.6,1431.6,17141.9,castaneda_2013
1520,5.8,1171.4,1437.4,17147.7,castaneda_2013
1521,7.16,1178.56,1444.6,17154.86,castaneda_2013
1522,7.16,1185.72,1451.7,17162.02,castaneda_2013
1523,7.16,1192.88,1458.9,17169.18,castaneda_2013
1524,7.16,1200.04,1466,17176.34,castaneda_2013
1525,7.16,1207.2,1473.2,17183.5,castaneda_2013
1526,7.16,1214.36,1480.4,17190.66,castaneda_2013
1527,7.16,1221.52,1487.5,17197.82,castaneda_2013
1528,7.16,1228.68,1494.7,17204.98,castaneda_2013
1529,7.16,1235.84,1501.8,17212.14,castaneda_2013
1530,7.16,1243,1509,17219.3,castaneda_2013
1531,7.16,1250.16,1516.2,17226.46,castaneda_2013
1532,7.16,1257.32,1523.3,17233.62,castaneda_2013
1533,7.16,1264.48,1530.5,17240.78,castaneda_2013
1534,7.16,1271.64,1537.6,17247.94,castaneda_2013
1535,7.16,1278.8,1544.8,17255.1,castaneda_2013
1536,7.16,1285.96,1552,17262.26,castaneda_2013
1537,7.16,1293.12,1559.1,17269.42,castaneda_2013
1538,7.16,1300.28,1566.3,17276.58,castaneda_2013
1539,7.16,1307.44,1573.4,17283.74,castaneda_2013
1540,7.16,1314.6,1580.6,17290.9,castaneda_2013
1541,7.16,1321.76,1587.8,17298.06,castaneda_2013
1542,7.16,1328.92,1594.9,17305.22,castaneda_2013
1543,7.16,1336.08,1602.1,17312.38,castaneda_2013
1544,7.16,1343.24,1609.2,17319.54,castaneda_2013
1545,8.5,1351.74,1617.7,17328.04,castaneda_2013
1546,8.5,1360.23,1626.2,17336.54,castaneda_2013
1547,8.5,1368.73,1634.7,17345.03,castaneda_2013
1548,8.5,1377.23,1643.2,17353.53,castaneda_2013
1549,8.5,1385.73,1651.7,17362.03,castaneda_2013
1550,8.5,1394.22,1660.2,17370.53,castaneda_2013
1551,8.5,1402.72,1668.7,17379.03,castaneda_2013
1552,8.5,1411.22,1677.2,17387.52,castaneda_2013
1553,8.5,1419.72,1685.7,17396.02,castaneda_2013
1554,8.5,1428.21,1694.2,17404.52,castaneda_2013
1555,8.5,1436.71,1702.7,17413.02,castaneda_2013
1556,8.5,1445.21,1711.2,17421.51,castaneda_2013
1557,8.5,1453.71,1719.7,17430.01,castaneda_2013
1558,8.5,1462.2,1728.2,17438.51,castaneda_2013
1559,8.5,1470.7,1736.7,17447.01,castaneda_2013
1560,8.5,1479.2,1745.2,17455.5,castaneda_2013
1561,6.84,1486.04,1752,17462.34,castaneda_2013
1562,6.84,1492.88,1758.9,17469.18,castaneda_2013
1563,6.84,1499.72,1765.7,17476.02,castaneda_2013
1564,6.84,1506.56,1772.6,17482.86,castaneda_2013
1565,6.84,1513.4,1779.4,17489.7,castaneda_2013
1566,6.84,1520.24,1786.2,17496.54,castaneda_2013
1567,6.84,1527.08,1793.1,17503.38,castaneda_2013
1568,6.84,1533.92,1799.9,17510.22,castaneda_2013
1569,6.84,1540.76,1806.8,17517.06,castaneda_2013
1570,6.84,1547.6,1813.6,17523.9,castaneda_2013
1571,6.84,1554.44,1820.4,17530.74,castaneda_2013
1572,6.84,1561.28,1827.3,17537.58,castaneda_2013
1573,6.84,1568.12,1834.1,17544.42,castaneda_2013
1574,6.84,1574.96,1841,17551.26,castaneda_2013
1575,6.84,1581.8,1847.8,17558.1,castaneda_2013
1576,6.84,1588.64,1854.6,17564.94,castaneda_2013
1577,6.84,1595.48,1861.5,17571.78,castaneda_2013
1578,6.84,1602.32,1868.3,17578.62,castaneda_2013
1579,6.84,1609.16,1875.2,17585.46,castaneda_2013
1580,6.84,1616,1882,17592.3,castaneda_2013
1581,7.38,1623.38,1889.4,17599.68,castaneda_2013
1582,7.38,1630.76,1896.8,17607.06,castaneda_2013
1583,7.38,1638.14,1904.1,17614.44,castaneda_2013
1584,7.38,1645.52,1911.5,17621.82,castaneda_2013
1585,7.38,1652.9,1918.9,17629.2,castaneda_2013
1586,7.38,1660.28,1926.3,17636.58,castaneda_2013
1587,7.38,1667.66,1933.7,17643.96,castaneda_2013
1588,7.38,1675.04,1941,17651.34,castaneda_2013
1589,7.38,1682.42,1948.4,17658.72,castaneda_2013
1590,7.38,1689.8,1955.8,17666.1,castaneda_2013
1591,7.38,1697.18,1963.2,17673.48,castaneda_2013
1592,7.38,1704.56,1970.6,17680.86,castaneda_2013
1593,7.38,1711.94,1977.9,17688.24,castaneda_2013
1594,7.38,1719.32,1985.3,17695.62,castaneda_2013
1595,7.38,1726.7,1992.7,17703,castaneda_2013
1596,7.38,1734.08,2000.1,17710.38,castaneda_2013
1597,7.38,1741.46,2007.5,17717.76,castaneda_2013
1598,7.38,1748.84,2014.8,17725.14,castaneda_2013
1599,7.38,1756.22,2022.2,17732.52,castaneda_2013
1600,7.38,1763.6,2029.6,17739.9,castaneda_2013
1601,8.52,1772.12,2038.1,17748.42,castaneda_2013
1602,8.52,1780.64,2046.6,17756.94,castaneda_2013
1603,8.52,1789.16,2055.2,17765.46,castaneda_2013
1604,8.52,1797.68,2063.7,17773.98,castaneda_2013
1605,8.52,1806.2,2072.2,17782.5,castaneda_2013
1606,8.52,1814.72,2080.7,17791.02,castaneda_2013
1607,8.52,1823.24,2089.2,17799.54,castaneda_2013
1608,8.52,1831.76,2097.8,17808.06,castaneda_2013
1609,8.52,1840.28,2106.3,17816.58,castaneda_2013
1610,8.52,1848.8,2114.8,17825.1,castaneda_2013
1611,8.52,1857.32,2123.3,17833.62,castaneda_2013
1612,8.52,1865.84,2131.8,17842.14,castaneda_2013
1613,8.52,1874.36,2140.4,17850.66,castaneda_2013
1614,8.52,1882.88,2148.9,17859.18,castaneda_2013
1615,8.52,1891.4,2157.4,17867.7,castaneda_2013
1616,8.52,1899.92,2165.9,17876.22,castaneda_2013
1617,8.52,1908.44,2174.4,17884.74,castaneda_2013
1618,8.52,1916.96,2183,17893.26,castaneda_2013
1619,8.52,1925.48,2191.5,17901.78,castaneda_2013
1620,8.52,1934,2200,17910.3,castaneda_2013
1621,8.3,1942.3,2208.3,17918.6,castaneda_2013
1622,8.3,1950.6,2216.6,17926.9,castaneda_2013
1623,8.3,1958.9,2224.9,17935.2,castaneda_2013
1624,8.3,1967.2,2233.2,17943.5,castaneda_2013
1625,8.3,1975.5,2241.5,17951.8,castaneda_2013
1626,8.3,1983.8,2249.8,17960.1,castaneda_2013
1627,8.3,1992.1,2258.1,17968.4,castaneda_2013
1628,8.3,2000.4,2266.4,17976.7,castaneda_2013
1629,8.3,2008.7,2274.7,17985,castaneda_2013
1630,8.3,2017,2283,17993.3,castaneda_2013
1631,8.3,2025.3,2291.3,18001.6,castaneda_2013
1632,8.3,2033.6,2299.6,18009.9,castaneda_2013
1633,8.3,2041.9,2307.9,18018.2,castaneda_2013
1634,8.3,2050.2,2316.2,18026.5,castaneda_2013
1635,8.3,2058.5,2324.5,18034.8,castaneda_2013
1636,8.3,2066.8,2332.8,18043.1,castaneda_2013
1637,8.3,2075.1,2341.1,18051.4,castaneda_2013
1638,8.3,2083.4,2349.4,18059.7,castaneda_2013
1639,8.3,2091.7,2357.7,18068,castaneda_2013
1640,8.3,2100,2366,18076.3,castaneda_2013
1641,8.77,2108.77,2374.8,18085.07,castaneda_2013
1642,8.77,2117.54,2383.5,18093.84,castaneda_2013
1643,8.77,2126.31,2392.3,18102.61,castaneda_2013
1644,8.77,2135.08,2401.1,18111.38,castaneda_2013
1645,8.77,2143.85,2409.8,18120.15,castaneda_2013
1646,8.77,2152.62,2418.6,18128.92,castaneda_2013
1647,8.77,2161.39,2427.4,18137.69,castaneda_2013
1648,8.77,2170.16,2436.2,18146.46,castaneda_2013
1649,8.77,2178.93,2444.9,18155.23,castaneda_2013
1650,8.77,2187.7,2453.7,18164,castaneda_2013
1651,8.77,2196.47,2462.5,18172.77,castaneda_2013
1652,8.77,2205.24,2471.2,18181.54,castaneda_2013
1653,8.77,2214.01,2480,18190.31,castaneda_2013
1654,8.77,2222.78,2488.8,18199.08,castaneda_2013
1655,8.77,2231.55,2497.5,18207.85,castaneda_2013
1656,8.77,2240.32,2506.3,18216.62,castaneda_2013
1657,8.77,2249.09,2515.1,18225.39,castaneda_2013
1658,8.77,2257.86,2523.9,18234.16,castaneda_2013
1659,8.77,2266.63,2532.6,18242.93,castaneda_2013
1660,8.77,2275.4,2541.4,18251.7,castaneda_2013
1661,9.26,2284.66,2550.7,18260.96,castaneda_2013
1662,9.26,2293.92,2559.9,18270.22,castaneda_2013
1663,9.26,2303.18,2569.2,18279.48,castaneda_2013
1664,9.26,2312.44,2578.4,18288.74,castaneda_2013
1665,9.26,2321.7,2587.7,18298,castaneda_2013
1666,9.26,2330.96,2597,18307.26,castaneda_2013
1667,9.26,2340.22,2606.2,18316.52,castaneda_2013
1668,9.26,2349.48,2615.5,18325.78,castaneda_2013
1669,9.26,2358.74,2624.7,18335.04,castaneda_2013
1670,9.26,2368,2634,18344.3,castaneda_2013
1671,9.26,2377.26,2643.3,18353.56,castaneda_2013
1672,9.26,2386.52,2652.5,18362.82,castaneda_2013
1673,9.26,2395.78,2661.8,18372.08,castaneda_2013
1674,9.26,2405.04,2671,18381.34,castaneda_2013
1675,9.26,2414.3,2680.3,18390.6,castaneda_2013
1676,9.26,2423.56,2689.6,18399.86,castaneda_2013
1677,9.26,2432.82,2698.8,18409.12,castaneda_2013
1678,9.26,2442.08,2708.1,18418.38,castaneda_2013
1679,9.26,2451.34,2717.3,18427.64,castaneda_2013
1680,9.26,2460.6,2726.6,18436.9,castaneda_2013
1681,10.76,2471.36,2737.4,18447.66,castaneda_2013
1682,10.76,2482.13,2748.1,18458.43,castaneda_2013
1683,10.76,2492.89,2758.9,18469.19,castaneda_2013
1684,10.76,2503.66,2769.7,18479.96,castaneda_2013
1685,10.76,2514.42,2780.4,18490.72,castaneda_2013
1686,10.76,2525.19,2791.2,18501.49,castaneda_2013
1687,10.76,2535.95,2802,18512.25,castaneda_2013
1688,10.76,2546.72,2812.7,18523.02,castaneda_2013
1689,10.76,2557.48,2823.5,18533.78,castaneda_2013
1690,10.76,2568.25,2834.2,18544.55,castaneda_2013
1691,10.76,2579.01,2845,18555.31,castaneda_2013
1692,10.76,2589.78,2855.8,18566.08,castaneda_2013
1693,10.76,2600.54,2866.5,18576.84,castaneda_2013
1694,10.76,2611.31,2877.3,18587.61,castaneda_2013
1695,10.76,2622.07,2888.1,18598.37,castaneda_2013
1696,10.76,2632.84,2898.8,18609.14,castaneda_2013
1697,10.76,2643.6,2909.6,18619.9,castaneda_2013
1698,10.76,2654.37,2920.4,18630.67,castaneda_2013
1699,10.76,2665.13,2931.1,18641.43,castaneda_2013
1700,10.76,2675.9,2941.9,18652.2,castaneda_2013
1701,12.82,2688.72,2954.7,18665.02,castaneda_2013
1702,12.82,2701.54,2967.5,18677.84,castaneda_2013
1703,12.82,2714.36,2980.4,18690.66,castaneda_2013
1704,12.82,2727.18,2993.2,18703.48,castaneda_2013
1705,12.82,2740,3006,18716.3,castaneda_2013
1706,12.82,2752.82,3018.8,18729.12,castaneda_2013
1707,12.82,2765.64,3031.6,18741.94,castaneda_2013
1708,12.82,2778.46,3044.5,18754.76,castaneda_2013
1709,12.82,2791.28,3057.3,18767.58,castaneda_2013
1710,12.82,2804.1,3070.1,18780.4,castaneda_2013
1711,12.82,2816.92,3082.9,18793.22,castaneda_2013
1712,12.82,2829.74,3095.7,18806.04,castaneda_2013
1713,12.82,2842.56,3108.6,18818.86,castaneda_2013
1714,12.82,2855.38,3121.4,18831.68,castaneda_2013
1715,12.82,2868.2,3134.2,18844.5,castaneda_2013
1716,12.82,2881.01,3147,18857.32,castaneda_2013
1717,12.82,2893.83,3159.8,18870.14,castaneda_2013
1718,12.82,2906.65,3172.7,18882.96,castaneda_2013
1719,12.82,2919.47,3185.5,18895.78,castaneda_2013
1720,12.82,2932.29,3198.3,18908.6,castaneda_2013
1721,19.08,2951.37,3217.4,18927.68,castaneda_2013
1722,19.08,2970.45,3236.5,18946.76,castaneda_2013
1723,19.08,2989.53,3255.5,18965.84,castaneda_2013
1724,19.08,3008.61,3274.6,18984.92,castaneda_2013
1725,19.08,3027.69,3293.7,19004,castaneda_2013
1726,19.08,3046.77,3312.8,19023.08,castaneda_2013
1727,19.08,3065.85,3331.9,19042.16,castaneda_2013
1728,19.08,3084.93,3350.9,19061.24,castaneda_2013
1729,19.08,3104.01,3370,19080.32,castaneda_2013
1730,19.08,3123.09,3389.1,19099.4,castaneda_2013
1731,19.08,3142.17,3408.2,19118.48,castaneda_2013
1732,19.08,3161.25,3427.3,19137.56,castaneda_2013
1733,19.08,3180.33,3446.3,19156.64,castaneda_2013
1734,19.08,3199.41,3465.4,19175.72,castaneda_2013
1735,19.08,3218.49,3484.5,19194.8,castaneda_2013
1736,19.08,3237.57,3503.6,19213.88,castaneda_2013
1737,19.08,3256.65,3522.7,19232.96,castaneda_2013
1738,19.08,3275.73,3541.7,19252.04,castaneda_2013
1739,19.08,3294.81,3560.8,19271.12,castaneda_2013
1740,19.08,3313.89,3579.9,19290.2,castaneda_2013
1741,24.61,3338.5,3604.5,19314.81,castaneda_2013
1742,24.61,3363.11,3629.1,19339.42,castaneda_2013
1743,24.61,3387.72,3653.7,19364.03,castaneda_2013
1744,24.61,3412.33,3678.3,19388.64,castaneda_2013
1745,24.61,3436.94,3702.9,19413.25,castaneda_2013
1746,24.61,3461.55,3727.6,19437.86,castaneda_2013
1747,24.61,3486.16,3752.2,19462.47,castaneda_2013
1748,24.61,3510.77,3776.8,19487.08,castaneda_2013
1749,24.61,3535.38,3801.4,19511.69,castaneda_2013
1750,24.61,3559.99,3826,19536.3,castaneda_2013
1751,24.61,3584.6,3850.6,19560.91,castaneda_2013
1752,24.61,3609.21,3875.2,19585.52,castaneda_2013
1753,24.61,3633.82,3899.8,19610.13,castaneda_2013
1754,24.61,3658.43,3924.4,19634.74,castaneda_2013
1755,24.61,3683.04,3949,19659.35,castaneda_2013
1756,24.61,3707.65,3973.7,19683.96,castaneda_2013
1757,24.61,3732.26,3998.3,19708.57,castaneda_2013
1758,24.61,3756.87,4022.9,19733.18,castaneda_2013
1759,24.61,3781.48,4047.5,19757.79,castaneda_2013
1760,24.61,3806.09,4072.1,19782.4,castaneda_2013
1761,20.7,3826.8,4092.8,19803.1,castaneda_2013
1762,20.7,3847.5,4113.5,19823.81,castaneda_2013
1763,20.7,3868.21,4134.2,19844.51,castaneda_2013
1764,20.7,3888.91,4154.9,19865.22,castaneda_2013
1765,20.7,3909.62,4175.6,19885.92,castaneda_2013
1766,20.7,3930.32,4196.3,19906.63,castaneda_2013
1767,20.7,3951.03,4217,19927.33,castaneda_2013
1768,20.7,3971.73,4237.7,19948.04,castaneda_2013
1769,20.7,3992.44,4258.4,19968.74,castaneda_2013
1770,20.7,4013.14,4279.1,19989.45,castaneda_2013
1771,20.7,4033.85,4299.8,20010.15,castaneda_2013
1772,20.7,4054.55,4320.6,20030.86,castaneda_2013
1773,20.7,4075.26,4341.3,20051.56,castaneda_2013
1774,20.7,4095.96,4362,20072.27,castaneda_2013
1775,20.7,4116.67,4382.7,20092.97,castaneda_2013
1776,20.7,4137.37,4403.4,20113.68,castaneda_2013
1777,20.7,4158.08,4424.1,20134.38,castaneda_2013
1778,20.7,4178.78,4444.8,20155.09,castaneda_2013
1779,20.7,4199.49,4465.5,20175.79,castaneda_2013
1780,20.7,4220.19,4486.2,20196.5,castaneda_2013
1781,17.79,4237.98,4504,20214.29,castaneda_2013
1782,17.79,4255.77,4521.8,20232.08,castaneda_2013
1783,17.79,4273.56,4539.6,20249.87,castaneda_2013
1784,17.79,4291.35,4557.4,20267.66,castaneda_2013
1785,17.79,4309.14,4575.1,20285.45,castaneda_2013
1786,17.79,4326.93,4592.9,20303.24,castaneda_2013
1787,17.79,4344.72,4610.7,20321.03,castaneda_2013
1788,17.79,4362.51,4628.5,20338.82,castaneda_2013
1789,17.79,4380.3,4646.3,20356.61,castaneda_2013
1790,17.79,4398.09,4664.1,20374.39,castaneda_2013
1791,17.79,4415.88,4681.9,20392.18,castaneda_2013
1792,17.79,4433.67,4699.7,20409.97,castaneda_2013
1793,17.79,4451.46,4717.5,20427.76,castaneda_2013
1794,17.79,4469.25,4735.3,20445.55,castaneda_2013
1795,17.79,4487.04,4753,20463.34,castaneda_2013
1796,17.79,4504.83,4770.8,20481.13,castaneda_2013
1797,17.79,4522.62,4788.6,20498.92,castaneda_2013
1798,17.79,4540.41,4806.4,20516.71,castaneda_2013
1799,17.79,4558.2,4824.2,20534.5,castaneda_2013
1800,17.79,4575.99,4842,20552.29,castaneda_2013
1801,17.78,4593.77,4859.8,20570.07,castaneda_2013
1802,17.78,4611.55,4877.5,20587.85,castaneda_2013
1803,17.78,4629.32,4895.3,20605.63,castaneda_2013
1804,17.78,4647.1,4913.1,20623.41,castaneda_2013
1805,17.78,4664.88,4930.9,20641.18,castaneda_2013
1806,17.78,4682.66,4948.7,20658.96,castaneda_2013
1807,17.78,4700.44,4966.4,20676.74,castaneda_2013
1808,17.78,4718.21,4984.2,20694.52,castaneda_2013
1809,17.78,4735.99,5002,20712.3,castaneda_2013
1810,17.78,4753.77,5019.8,20730.07,castaneda_2013
1811,11.44,4765.22,5031.2,20741.52,castaneda_2013
1812,11.44,4776.66,5042.7,20752.96,castaneda_2013
1813,11.44,4788.11,5054.1,20764.41,castaneda_2013
1814,11.44,4799.55,5065.6,20775.85,castaneda_2013
1815,11.44,4811,5077,20787.3,castaneda_2013
1816,11.44,4822.44,5088.4,20798.74,castaneda_2013
1817,11.44,4833.88,5099.9,20810.19,castaneda_2013
1818,11.44,4845.33,5111.3,20821.63,castaneda_2013
1819,11.44,4856.77,5122.8,20833.08,castaneda_2013
1820,11.44,4868.22,5134.2,20844.52,castaneda_2013
1821,14.22,4882.44,5148.4,20858.74,castaneda_2013
1822,14.22,4896.65,5162.7,20872.96,castaneda_2013
1823,14.22,4910.87,5176.9,20887.17,castaneda_2013
1824,14.22,4925.08,5191.1,20901.39,castaneda_2013
1825,14.22,4939.3,5205.3,20915.6,castaneda_2013
1826,14.22,4953.52,5219.5,20929.82,castaneda_2013
1827,14.22,4967.73,5233.7,20944.04,castaneda_2013
1828,14.22,4981.95,5247.9,20958.25,castaneda_2013
1829,14.22,4996.16,5262.2,20972.47,castaneda_2013
1830,14.22,5010.38,5276.4,20986.68,castaneda_2013
1831,20.29,5030.67,5296.7,21006.97,castaneda_2013
1832,20.29,5050.96,5317,21027.26,castaneda_2013
1833,20.29,5071.25,5337.2,21047.55,castaneda_2013
1834,20.29,5091.54,5357.5,21067.84,castaneda_2013
1835,20.29,5111.82,5377.8,21088.13,castaneda_2013
1836,20.29,5132.11,5398.1,21108.42,castaneda_2013
1837,20.29,5152.4,5418.4,21128.71,castaneda_2013
1838,20.29,5172.69,5438.7,21148.99,castaneda_2013
1839,20.29,5192.98,5459,21169.28,castaneda_2013
1840,20.29,5213.27,5479.3,21189.57,castaneda_2013
1841,54.76,5268.03,5534,21244.33,castaneda_2013
1842,54.76,5322.79,5588.8,21299.09,castaneda_2013
1843,54.76,5377.55,5643.5,21353.85,castaneda_2013
1844,54.76,5432.3,5698.3,21408.61,castaneda_2013
1845,54.76,5487.06,5753.1,21463.37,castaneda_2013
1846,54.76,5541.82,5807.8,21518.13,castaneda_2013
1847,54.76,5596.58,5862.6,21572.88,castaneda_2013
1848,54.76,5651.34,5917.3,21627.64,castaneda_2013
1849,54.76,5706.1,5972.1,21682.4,castaneda_2013
1850,54.76,5760.86,6026.9,21737.16,castaneda_2013
1851,199.39,5960.24,6226.2,21936.55,castaneda_2013
1852,199.39,6159.63,6425.6,22135.94,castaneda_2013
1853,199.39,6359.02,6625,22335.32,castaneda_2013
1854,199.39,6558.41,6824.4,22534.71,castaneda_2013
1855,199.39,6757.79,7023.8,22734.1,castaneda_2013
1856,201.75,6959.54,7225.5,22935.85,castaneda_2013
1857,201.75,7161.29,7427.3,23137.6,castaneda_2013
1858,201.75,7363.04,7629,23339.35,castaneda_2013
1859,201.75,7564.79,7830.8,23541.09,castaneda_2013
1860,201.75,7766.54,8032.5,23742.84,castaneda_2013
1861,185.06,7951.6,8217.6,23927.9,castaneda_2013
1862,185.06,8136.65,8402.7,24112.96,castaneda_2013
1863,185.06,8321.71,8587.7,24298.01,castaneda_2013
1864,185.06,8506.77,8772.8,24483.07,castaneda_2013
1865,185.06,8691.82,8957.8,24668.13,castaneda_2013
1866,195.03,8886.85,9152.8,24863.15,castaneda_2013
1867,195.03,9081.87,9347.9,25058.18,castaneda_2013
1868,195.03,9276.9,9542.9,25253.2,castaneda_2013
1869,195.03,9471.93,9737.9,25448.23,castaneda_2013
1870,195.03,9666.95,9933,25643.25,castaneda_2013
1871,173.9,9840.85,10106.9,25817.16,castaneda_2013
1872,173.9,10014.76,10280.8,25991.06,castaneda_2013
1873,173.9,10188.66,10454.7,26164.96,castaneda_2013
1874,173.9,10362.56,10628.6,26338.87,castaneda_2013
1875,173.9,10536.47,10802.5,26512.77,castaneda_2013
1876,165.96,10702.42,10968.4,26678.73,castaneda_2013
1877,179.44,10881.87,11147.9,26858.17,castaneda_2013
1878,185.85,11067.71,11333.7,27044.02,castaneda_2013
1879,167.31,11235.02,11501,27211.32,castaneda_2013
1880,163.51,11398.54,11664.5,27374.84,castaneda_2013
1881,160.68,11559.21,11825.2,27535.52,castaneda_2013
1882,153.82,11713.03,11979,27689.33,castaneda_2013
1883,148.58,11861.61,12127.6,27837.92,castaneda_2013
1884,155.75,12017.36,12283.4,27993.66,castaneda_2013
1885,155.97,12173.33,12439.3,28149.64,castaneda_2013
1886,159.74,12333.07,12599.1,28309.37,castaneda_2013
1887,159.15,12492.22,12758.2,28468.52,castaneda_2013
1888,165.81,12658.03,12924,28634.33,castaneda_2013
1889,185.81,12843.83,13109.8,28820.13,castaneda_2013
1890,178.82,13022.65,13288.7,28998.96,castaneda_2013
1891,196.58,13219.23,13485.2,29195.54,castaneda_2013
1892,220.66,13439.89,13705.9,29416.19,castaneda_2013
1893,236.97,13676.86,13942.9,29653.16,castaneda_2013
1894,272.6,13949.46,14215.5,29925.77,castaneda_2013
1895,299.07,14248.53,14514.5,30224.83,castaneda_2013
1896,304.31,14552.84,14818.8,30529.14,castaneda_2013
1897,355.2,14908.04,15174,30884.35,castaneda_2013
1898,417.41,15325.45,15591.5,31301.76,castaneda_2013
1899,461.51,15786.96,16053,31763.26,castaneda_2013
1900,383.04,16170,16436,32146.3,castaneda_2013
1901,392.7,16562.7,16828.7,32539,castaneda_2013
1902,446.48,17009.18,17275.2,32985.48,castaneda_2013
1903,493.07,17502.25,17768.2,33478.55,castaneda_2013
1904,522.67,18024.92,18290.9,34001.22,castaneda_2013
1905,572.19,18597.11,18863.1,34573.42,castaneda_2013
1906,605.88,19202.99,19469,35179.3,castaneda_2013
1907,621.43,19824.42,20090.4,35800.73,castaneda_2013
1908,666.79,20491.22,20757.2,36467.52,castaneda_2013
1909,682.99,21174.21,21440.2,37150.51,castaneda_2013
1910,684.94,21859.14,22125.1,37835.45,castaneda_2013
1911,695.3,22554.45,22820.4,38530.75,castaneda_2013
1912,701.14,23255.58,23521.6,39231.89,castaneda_2013
1913,713.45,23969.03,24235,39945.34,castaneda_2013
1914,679.1,24648.14,24914.1,40624.44,castaneda_2013
1915,710.86,25358.99,25625,41335.3,castaneda_2013
1916,677.81,26036.8,26302.8,42013.1,castaneda_2013
1917,638.93,26675.73,26941.7,42652.03,castaneda_2013
1918,575.42,27251.15,27517.2,43227.46,castaneda_2013
1919,535.25,27786.4,28052.4,43762.7,castaneda_2013
1920,501.55,28287.95,28554,44264.26,castaneda_2013
1921,497.02,28784.97,29051,44761.27,castaneda_2013
1922,488.59,29273.56,29539.6,45249.86,castaneda_2013
1923,570.24,29843.8,30109.8,45820.1,castaneda_2013
1924,598.75,30442.55,30708.6,46418.86,castaneda_2013
1925,602.64,31045.19,31311.2,47021.5,castaneda_2013
1926,601.99,31647.18,31913.2,47623.49,castaneda_2013
1927,604.58,32251.77,32517.8,48228.07,castaneda_2013
1928,603.29,32855.06,33121.1,48831.36,castaneda_2013
1929,618.84,33473.9,33739.9,49450.2,castaneda_2013
1930,648,34121.9,34387.9,50098.2,castaneda_2013
1931,696.6,34818.5,35084.5,50794.8,castaneda_2013
1932,756.86,35575.36,35841.4,51551.66,castaneda_2013
1933,1378.3,36953.66,37219.7,52929.96,castaneda_2013
1934,849.53,37803.18,38069.2,53779.49,castaneda_2013
1935,920.16,38723.34,38989.3,54699.65,castaneda_2013
1936,1031.62,39754.96,40021,55731.26,castaneda_2013
1937,1088.64,40843.6,41109.6,56819.9,castaneda_2013
1938,1164.46,42008.06,42274.1,57984.36,castaneda_2013
1939,1215,43223.06,43489.1,59199.36,castaneda_2013
1940,1273.97,44497.02,44763,60473.33,castaneda_2013
1941,1224.07,45721.1,45987.1,61697.4,castaneda_2013
1942,1071.14,46792.24,47058.2,62768.54,castaneda_2013
1943,828.79,47621.03,47887,63597.34,castaneda_2013
1944,745.2,48366.23,48632.2,64342.54,castaneda_2013
1945,716.69,49082.92,49348.9,65059.22,castaneda_2013
1946,726.41,49809.33,50075.3,65785.63,castaneda_2013
1947,732.24,50541.57,50807.6,66517.87,castaneda_2013
1948,753.62,51295.19,51561.2,67271.5,castaneda_2013
1949,774.36,52069.55,52335.6,68045.86,castaneda_2013
1950,800.93,52870.48,53136.5,68846.78,castaneda_2013
1951,784.08,53654.56,53920.6,69630.86,castaneda_2013
1952,806.76,54461.32,54727.3,70437.62,castaneda_2013
1953,803.52,55264.84,55530.8,71241.14,castaneda_2013
1954,850.18,56115.02,56381,72091.32,castaneda_2013
1955,891,57006.02,57272,72982.32,castaneda_2013
1956,928.58,57934.6,58200.6,73910.9,castaneda_2013
1957,965.52,58900.12,59166.1,74876.42,castaneda_2013
1958,995.98,59896.1,60162.1,75872.4,castaneda_2013
1959,1067.9,60964,61230,76940.3,castaneda_2013
1960,1116.5,62080.5,62346.5,78056.81,castaneda_2013
1961,1151.5,63232,63498,79208.3,castaneda_2013
1962,1231.85,64463.85,64729.8,80440.15,castaneda_2013
1963,1308.96,65772.81,66038.8,81749.11,castaneda_2013
1964,1352.38,67125.18,67391.2,83101.49,castaneda_2013
1965,1382.83,68508.02,68774,84484.32,castaneda_2013
1966,1383.48,69891.5,70157.5,85867.8,castaneda_2013
1967,1354.32,71245.82,71511.8,87222.12,castaneda_2013
1968,1355.62,72601.43,72867.4,88577.74,castaneda_2013
1969,1355.62,73957.05,74223,89933.35,castaneda_2013
1970,1393.2,75350.25,75616.2,91326.55,castaneda_2013
1971,1355.62,76705.86,76971.9,92682.17,castaneda_2013
1972,1382.83,78088.7,78354.7,94065,castaneda_2013
1973,1350,79438.7,79704.7,95415,castaneda_2013
1974,1250,80688.7,80954.7,96665,castaneda_2013
1975,1200,81888.7,82154.7,97865,castaneda_2013
1976,1210,83098.7,83364.7,99075,castaneda_2013
1977,1210,84308.7,84574.7,100285,castaneda_2013
1978,1210,85518.7,85784.7,101495,castaneda_2013
1979,1210,86728.7,86994.7,102705,castaneda_2013
1980,1220,87948.7,88214.7,103925,castaneda_2013
1981,1280,89228.7,89494.7,105205,castaneda_2013
1982,1340,90568.7,90834.7,106545,castaneda_2013
1983,1400,91968.7,92234.7,107945,castaneda_2013
1984,1460,93428.7,93694.7,109405,castaneda_2013
1985,1530,94958.7,95224.7,110935,castaneda_2013
1986,1610,96568.7,96834.7,112545,castaneda_2013
1987,1660,98228.7,98494.7,114205,castaneda_2013
1988,1870,100098.7,100364.7,116075,castaneda_2013
1989,2010,102108.7,102374.7,118085,castaneda_2013
1990,2180,104288.7,104554.7,120265,castaneda_2013
1991,2160,106448.7,106714.7,122425,castaneda_2013
1992,2260,108708.7,108974.7,124685,castaneda_2013
1993,2280,110988.7,111254.7,126965,castaneda_2013
1994,2260,113248.7,113514.7,129225,castaneda_2013
1995,2230,115478.7,115744.7,131455,castaneda_2013
1996,2290,117768.7,118034.7,133745,castaneda_2013
1997,2450,120218.7,120484.7,136195,castaneda_2013
1998,2500,122718.7,122984.7,138695,castaneda_2013
1999,2570,125288.7,125554.7,141265,castaneda_2013
2000,2590,127878.7,128144.7,143855,castaneda_2013
2001,2600,130478.7,130744.7,146455,castaneda_2013
2002,2550,133028.7,133294.7,149005,castaneda_2013
2003,2540,135568.7,135834.7,151545,castaneda_2013
2004,2420,137988.7,138254.7,153965,castaneda_2013
2005,2470,140458.7,140724.7,156435,castaneda_2013
2006,2370,142828.7,143094.7,158805,castaneda_2013
2007,2360,145188.7,145454.7,161165,castaneda_2013
2008,2290,147478.7,147744.7,163455,castaneda_2013
2009,2450,149928.7,150194.7,165905,castaneda_2013
2010,2586,152514.7,152780.7,168491,castaneda_2013
2011,2809,155323.7,155589.7,171300,castaneda_2013
2012,2847.7,158171.4,158437.4,174147.7,castaneda_2013
